combo_id,scenario_id,season,gender,T_hissedilen,hedef_Clo,V_ruzgar,piece_ids,layer_count,total_Clo_C,delta_Clo,rank,aesthetic_score,fashionclip_score,color_score,scorer,collage_path,preference_score,labeler
VC0001,kis_soguk_ruzgarli,kis,women,-0.06,1.7512,25,LV1318|LV0549|LV0023|LV1011,4,0.98,0.7712,2.554,2.217,1.0,3.434,base+fashionclip+color,data/assets/combos/VC0001.jpg,,
VC0002,kis_soguk_ruzgarli,kis,women,-0.06,1.7512,25,LV1341|LV2516|LV0021|LV0911,4,0.97,0.7812,2.429,2.098,1.0,3.196,base+fashionclip+color,data/assets/combos/VC0002.jpg,,
VC0003,kis_soguk_ruzgarli,kis,women,-0.06,1.7512,25,LV1405|LV2516|LV0023|LV0833,4,0.97,0.7812,2.405,2.324,1.0,3.647,base+fashionclip+color,data/assets/combos/VC0003.jpg,,
VC0004,kis_soguk_ruzgarli,kis,women,-0.06,1.7512,25,LV1318|LV2516|LV0023,3,0.93,0.8212,2.376,2.369,1.0,3.737,base+fashionclip+color,data/assets/combos/VC0004.jpg,,
VC0005,kis_soguk_ruzgarli,kis,women,-0.06,1.7512,25,LV2516|LV0590|SP0298|LV0031|LV1102,5,1.18,0.5712,1.883,2.559,1.0,4.119,base+fashionclip+color,data/assets/combos/VC0005.jpg,,
VC0006,kis_soguk_ruzgarli,kis,women,-0.06,1.7512,25,LV2516|LV0058|LV1194|LV0021|LV0905,5,0.94,0.8112,1.867,2.521,1.0,4.041,base+fashionclip+color,data/assets/combos/VC0006.jpg,,
VC0007,kis_soguk_ruzgarli,kis,women,-0.06,1.7512,25,LV0549|LV0463|SP1167|LV0031|LV1012,5,1.23,0.5212,1.764,1.61,1.0,2.22,base+fashionclip+color,data/assets/combos/VC0007.jpg,,
VC0008,kis_soguk_ruzgarli,kis,women,-0.06,1.7512,25,LV1311|LV2520|LV0021,3,0.93,0.8212,1.716,1.959,1.0,2.918,base+fashionclip+color,data/assets/combos/VC0008.jpg,,
VC0009,kis_soguk_ruzgarli,kis,women,-0.06,1.7512,25,LV2516|LV2474|SP1049|LV0023|LV0905,5,1.09,0.6612,1.698,2.262,1.0,3.524,base+fashionclip+color,data/assets/combos/VC0009.jpg,,
VC0010,kis_soguk_ruzgarli,kis,women,-0.06,1.7512,25,LV1379|LV2520|LV0031,3,0.93,0.8212,1.642,1.885,1.0,2.77,base+fashionclip+color,data/assets/combos/VC0010.jpg,,
VC0011,kis_soguk_ruzgarli,kis,women,-0.06,1.7512,25,LV2516|LV0103|LV1200|LV0021,4,1.07,0.6812,1.602,2.478,1.0,3.955,base+fashionclip+color,data/assets/combos/VC0011.jpg,,
VC0012,kis_soguk_ruzgarli,kis,women,-0.06,1.7512,25,LV2516|LV0468|SP1316|LV0031|LV1011,5,1.18,0.5712,1.582,2.092,1.0,3.184,base+fashionclip+color,data/assets/combos/VC0012.jpg,,
VC0013,kis_soguk_ruzgarli,kis,women,-0.06,1.7512,25,LV2516|LV0345|LV2085|LV0023|LV0904,5,1.17,0.5812,1.57,2.086,1.0,3.173,base+fashionclip+color,data/assets/combos/VC0013.jpg,,
VC0014,kis_soguk_ruzgarli,kis,women,-0.06,1.7512,25,LV2487|LV0157|SP0933|LV0023|LV0833,5,1.17,0.5812,1.565,2.081,1.0,3.163,base+fashionclip+color,data/assets/combos/VC0014.jpg,,
VC0015,kis_soguk_ruzgarli,kis,women,-0.06,1.7512,25,LV2516|LV0392|SP0941|LV0021|LV1096,5,1.18,0.5712,1.532,2.042,1.0,3.083,base+fashionclip+color,data/assets/combos/VC0015.jpg,,
VC0016,kis_soguk_ruzgarli,kis,women,-0.06,1.7512,25,LV0307|LV0065|LV2578|LV0023|LV0907,5,1.0,0.7512,1.487,2.105,1.0,3.21,base+fashionclip+color,data/assets/combos/VC0016.jpg,,
VC0017,kis_soguk_ruzgarli,kis,women,-0.06,1.7512,25,LV2516|LV1350|LV1284|LV0023|LV0907,5,1.17,0.5812,1.478,1.994,1.0,2.989,base+fashionclip+color,data/assets/combos/VC0017.jpg,,
VC0018,kis_soguk_ruzgarli,kis,women,-0.06,1.7512,25,LV1406|LV0544|LV0021,3,0.93,0.8212,1.461,1.704,1.0,2.408,base+fashionclip+color,data/assets/combos/VC0018.jpg,,
VC0019,kis_soguk_ruzgarli,kis,women,-0.06,1.7512,25,LV2516|LV0247|LV1221|LV0031|LV0845,5,0.94,0.8112,1.448,2.268,1.0,3.536,base+fashionclip+color,data/assets/combos/VC0019.jpg,,
VC0020,kis_soguk_ruzgarli,kis,women,-0.06,1.7512,25,LV2520|LV0569|SP0347|LV0023|LV0913,5,1.05,0.7012,1.445,2.033,1.0,3.066,base+fashionclip+color,data/assets/combos/VC0020.jpg,,
VC0021,kis_soguk_ruzgarli,kis,women,-0.06,1.7512,25,LV2516|SP0925|SP0211|LV0023,4,0.96,0.7912,1.444,2.552,1.0,4.104,base+fashionclip+color,data/assets/combos/VC0021.jpg,,
VC0022,kis_soguk_ruzgarli,kis,women,-0.06,1.7512,25,LV2520|LV2500|LV2362|LV0023|LV0911,5,0.94,0.8112,1.435,2.089,1.0,3.178,base+fashionclip+color,data/assets/combos/VC0022.jpg,,
VC0023,kis_soguk_ruzgarli,kis,women,-0.06,1.7512,25,LV0500|LV0549|LV0021,3,0.93,0.8212,1.405,1.648,1.0,2.296,base+fashionclip+color,data/assets/combos/VC0023.jpg,,
VC0024,kis_soguk_ruzgarli,kis,women,-0.06,1.7512,25,LV2520|LV0264|LV1205|LV0023|LV1007,5,1.18,0.5712,1.389,1.899,1.0,2.798,base+fashionclip+color,data/assets/combos/VC0024.jpg,,
VC0025,kis_soguk_ruzgarli,kis,women,-0.06,1.7512,25,LV2516|LV0062|SP1049|LV0031|LV1102,5,1.06,0.6912,1.387,1.969,1.0,2.937,base+fashionclip+color,data/assets/combos/VC0025.jpg,,
VC0026,kis_soguk_ruzgarli,kis,men,-0.06,1.7512,25,LV1263|SP1035|SP0358,3,0.42,1.3312,0.451,3.0,1.0,5.0,base+fashionclip+color,data/assets/combos/VC0026.jpg,,
VC0027,kis_soguk_ruzgarli,kis,men,-0.06,1.7512,25,LV1263|SP1035|SP0858,3,0.42,1.3312,0.451,3.0,1.0,5.0,base+fashionclip+color,data/assets/combos/VC0027.jpg,,
VC0028,kis_soguk_ruzgarli,kis,men,-0.06,1.7512,25,LV1263|SP1035|SP0494,3,0.42,1.3312,0.451,3.0,1.0,5.0,base+fashionclip+color,data/assets/combos/VC0028.jpg,,
VC0029,kis_soguk_ruzgarli,kis,men,-0.06,1.7512,25,LV1263|SP0156|SP0358,3,0.42,1.3312,0.451,3.0,1.0,5.0,base+fashionclip+color,data/assets/combos/VC0029.jpg,,
VC0030,kis_soguk_ruzgarli,kis,men,-0.06,1.7512,25,LV1263|SP0156|SP0494,3,0.42,1.3312,0.451,3.0,1.0,5.0,base+fashionclip+color,data/assets/combos/VC0030.jpg,,
VC0031,kis_soguk_ruzgarli,kis,men,-0.06,1.7512,25,LV1263|SP0156|SP0492,3,0.42,1.3312,0.451,3.0,1.0,5.0,base+fashionclip+color,data/assets/combos/VC0031.jpg,,
VC0032,kis_soguk_ruzgarli,kis,men,-0.06,1.7512,25,LV1263|SP0156|SP1244,3,0.42,1.3312,0.451,3.0,1.0,5.0,base+fashionclip+color,data/assets/combos/VC0032.jpg,,
VC0033,kis_soguk_ruzgarli,kis,men,-0.06,1.7512,25,LV1263|SP1035|SP0671,3,0.42,1.3312,0.451,3.0,1.0,5.0,base+fashionclip+color,data/assets/combos/VC0033.jpg,,
VC0034,kis_soguk_ruzgarli,kis,men,-0.06,1.7512,25,LV1263|SP1035|SP1175,3,0.42,1.3312,0.451,3.0,1.0,5.0,base+fashionclip+color,data/assets/combos/VC0034.jpg,,
VC0035,kis_soguk_ruzgarli,kis,men,-0.06,1.7512,25,LV1263|SP0156|SP1406,3,0.42,1.3312,0.451,3.0,1.0,5.0,base+fashionclip+color,data/assets/combos/VC0035.jpg,,
VC0036,kis_soguk_ruzgarli,kis,men,-0.06,1.7512,25,LV1263|SP0156|SP1016,3,0.42,1.3312,0.029,2.578,1.0,4.155,base+fashionclip+color,data/assets/combos/VC0036.jpg,,
VC0037,kis_soguk_ruzgarli,kis,men,-0.06,1.7512,25,LV1253|SP1035|SP1175,3,0.42,1.3312,0.029,2.578,1.0,4.155,base+fashionclip+color,data/assets/combos/VC0037.jpg,,
VC0038,kis_soguk_ruzgarli,kis,men,-0.06,1.7512,25,LV1253|SP1035|SP0090,3,0.42,1.3312,0.029,2.578,1.0,4.155,base+fashionclip+color,data/assets/combos/VC0038.jpg,,
VC0039,kis_soguk_ruzgarli,kis,men,-0.06,1.7512,25,LV1253|SP0156|SP1244,3,0.42,1.3312,0.029,2.578,1.0,4.155,base+fashionclip+color,data/assets/combos/VC0039.jpg,,
VC0040,kis_soguk_ruzgarli,kis,men,-0.06,1.7512,25,LV1253|SP1035|SP0536,3,0.42,1.3312,0.029,2.578,1.0,4.155,base+fashionclip+color,data/assets/combos/VC0040.jpg,,
VC0041,kis_orta,kis,women,5.17,1.4192,10,LV0567|LV0307|LV0021,3,0.8,0.6192,2.878,3.0,1.0,5.0,base+fashionclip+color,data/assets/combos/VC0041.jpg,,
VC0042,kis_orta,kis,women,5.17,1.4192,10,LV1418|LV0307|LV0021,3,0.8,0.6192,2.878,3.0,1.0,5.0,base+fashionclip+color,data/assets/combos/VC0042.jpg,,
VC0043,kis_orta,kis,women,5.17,1.4192,10,LV2516|LV1315|LV2548|LV0023,4,1.13,0.2892,2.771,2.612,1.0,4.224,base+fashionclip+color,data/assets/combos/VC0043.jpg,,
VC0044,kis_orta,kis,women,5.17,1.4192,10,LV1318|LV0549|LV0023|LV1011,4,0.98,0.4392,2.753,2.217,1.0,3.434,base+fashionclip+color,data/assets/combos/VC0044.jpg,,
VC0045,kis_orta,kis,women,5.17,1.4192,10,LV0307|LV0204|SP0734|LV0023|LV1012,5,1.23,0.1892,2.702,2.183,1.0,3.365,base+fashionclip+color,data/assets/combos/VC0045.jpg,,
VC0046,kis_orta,kis,women,5.17,1.4192,10,LV1960|LV0544|LV0023|LV1096,4,0.75,0.6692,2.677,2.279,1.0,3.559,base+fashionclip+color,data/assets/combos/VC0046.jpg,,
VC0047,kis_orta,kis,women,5.17,1.4192,10,LV2516|LV2439|SP0498|LV0023|LV0923,5,1.0,0.4192,2.633,2.418,1.0,3.837,base+fashionclip+color,data/assets/combos/VC0047.jpg,,
VC0048,kis_orta,kis,women,5.17,1.4192,10,LV1341|LV2516|LV0021|LV0911,4,0.97,0.4492,2.628,2.098,1.0,3.196,base+fashionclip+color,data/assets/combos/VC0048.jpg,,
VC0049,kis_orta,kis,women,5.17,1.4192,10,LV2516|LV0468|SP1316|LV0031|LV1011,5,1.18,0.2392,2.581,2.092,1.0,3.184,base+fashionclip+color,data/assets/combos/VC0049.jpg,,
VC0050,kis_orta,kis,women,5.17,1.4192,10,LV2516|LV0345|LV2085|LV0023|LV0904,5,1.17,0.2492,2.569,2.086,1.0,3.173,base+fashionclip+color,data/assets/combos/VC0050.jpg,,
VC0051,kis_orta,kis,women,5.17,1.4192,10,LV1960|LV0544|LV0023|LV0914,4,0.74,0.6792,2.558,2.166,1.0,3.332,base+fashionclip+color,data/assets/combos/VC0051.jpg,,
VC0052,kis_orta,kis,women,5.17,1.4192,10,LV2402|LV2516|LV0031|LV0914,4,0.84,0.5792,2.555,2.353,1.0,3.705,base+fashionclip+color,data/assets/combos/VC0052.jpg,,
VC0053,kis_orta,kis,women,5.17,1.4192,10,LV2173|LV2516|LV0021,3,0.8,0.6192,2.551,2.423,1.0,3.847,base+fashionclip+color,data/assets/combos/VC0053.jpg,,
VC0054,kis_orta,kis,women,5.17,1.4192,10,LV2516|LV1385|SP0691|LV0023|LV0856,5,1.17,0.2492,2.546,2.063,1.0,3.125,base+fashionclip+color,data/assets/combos/VC0054.jpg,,
VC0055,kis_orta,kis,women,5.17,1.4192,10,LV2516|LV2422|SP0134|LV0031|LV0877,5,1.15,0.2692,2.534,2.063,1.0,3.127,base+fashionclip+color,data/assets/combos/VC0055.jpg,,
VC0056,kis_orta,kis,women,5.17,1.4192,10,LV2516|LV0427|SP0703|LV0021|LV1096,5,1.05,0.3692,2.526,2.115,1.0,3.229,base+fashionclip+color,data/assets/combos/VC0056.jpg,,
VC0057,kis_orta,kis,women,5.17,1.4192,10,LV2516|LV0292|LV1186|LV0031|LV0864,5,1.11,0.3092,2.501,2.22,1.0,3.44,base+fashionclip+color,data/assets/combos/VC0057.jpg,,
VC0058,kis_orta,kis,women,5.17,1.4192,10,LV1514|LV2516|LV0023|LV0846,4,0.8,0.6192,2.498,2.32,1.0,3.639,base+fashionclip+color,data/assets/combos/VC0058.jpg,,
VC0059,kis_orta,kis,women,5.17,1.4192,10,LV0544|LV2327|SP1400|LV0023|LV1007,5,1.01,0.4092,2.492,2.271,1.0,3.542,base+fashionclip+color,data/assets/combos/VC0059.jpg,,
VC0060,kis_orta,kis,women,5.17,1.4192,10,LV2516|LV1349|LV2099|LV0021|LV0833,5,1.11,0.3092,2.483,2.036,1.0,3.072,base+fashionclip+color,data/assets/combos/VC0060.jpg,,
VC0061,kis_orta,kis,women,5.17,1.4192,10,LV2487|LV0448|LV2039|LV0023|LV0893,5,1.04,0.3792,2.457,2.218,1.0,3.435,base+fashionclip+color,data/assets/combos/VC0061.jpg,,
VC0062,kis_orta,kis,women,5.17,1.4192,10,LV2520|LV0518|LV1217|LV0023|LV0903,5,1.11,0.3092,2.449,2.168,1.0,3.336,base+fashionclip+color,data/assets/combos/VC0062.jpg,,
VC0063,kis_orta,kis,women,5.17,1.4192,10,LV2520|LV0569|SP0347|LV0023|LV0913,5,1.05,0.3692,2.444,2.033,1.0,3.066,base+fashionclip+color,data/assets/combos/VC0063.jpg,,
VC0064,kis_orta,kis,women,5.17,1.4192,10,LV0770|LV0544|LV0023|LV0907,4,0.84,0.5792,2.433,2.231,1.0,3.461,base+fashionclip+color,data/assets/combos/VC0064.jpg,,
VC0065,kis_orta,kis,women,5.17,1.4192,10,LV2210|LV0549|LV0023,3,0.8,0.6192,2.426,2.548,1.0,4.096,base+fashionclip+color,data/assets/combos/VC0065.jpg,,
VC0066,kis_orta,kis,men,5.17,1.4192,10,LV1263|SP1035|SP0358,3,0.42,0.9992,0.65,3.0,1.0,5.0,base+fashionclip+color,data/assets/combos/VC0066.jpg,,
VC0067,kis_orta,kis,men,5.17,1.4192,10,LV1263|SP1035|SP0858,3,0.42,0.9992,0.65,3.0,1.0,5.0,base+fashionclip+color,data/assets/combos/VC0067.jpg,,
VC0068,kis_orta,kis,men,5.17,1.4192,10,LV1263|SP1035|SP0494,3,0.42,0.9992,0.65,3.0,1.0,5.0,base+fashionclip+color,data/assets/combos/VC0068.jpg,,
VC0069,kis_orta,kis,men,5.17,1.4192,10,LV1263|SP0156|SP0358,3,0.42,0.9992,0.65,3.0,1.0,5.0,base+fashionclip+color,data/assets/combos/VC0069.jpg,,
VC0070,kis_orta,kis,men,5.17,1.4192,10,LV1263|SP0156|SP0494,3,0.42,0.9992,0.65,3.0,1.0,5.0,base+fashionclip+color,data/assets/combos/VC0070.jpg,,
VC0071,kis_orta,kis,men,5.17,1.4192,10,LV1263|SP0156|SP0492,3,0.42,0.9992,0.65,3.0,1.0,5.0,base+fashionclip+color,data/assets/combos/VC0071.jpg,,
VC0072,kis_orta,kis,men,5.17,1.4192,10,LV1263|SP0156|SP1244,3,0.42,0.9992,0.65,3.0,1.0,5.0,base+fashionclip+color,data/assets/combos/VC0072.jpg,,
VC0073,kis_orta,kis,men,5.17,1.4192,10,LV1263|SP1035|SP0671,3,0.42,0.9992,0.65,3.0,1.0,5.0,base+fashionclip+color,data/assets/combos/VC0073.jpg,,
VC0074,kis_orta,kis,men,5.17,1.4192,10,LV1263|SP1035|SP1175,3,0.42,0.9992,0.65,3.0,1.0,5.0,base+fashionclip+color,data/assets/combos/VC0074.jpg,,
VC0075,kis_orta,kis,men,5.17,1.4192,10,LV1263|SP0156|SP1406,3,0.42,0.9992,0.65,3.0,1.0,5.0,base+fashionclip+color,data/assets/combos/VC0075.jpg,,
VC0076,kis_orta,kis,men,5.17,1.4192,10,LV1263|SP0156|SP1016,3,0.42,0.9992,0.228,2.578,1.0,4.155,base+fashionclip+color,data/assets/combos/VC0076.jpg,,
VC0077,kis_orta,kis,men,5.17,1.4192,10,LV1253|SP1035|SP1175,3,0.42,0.9992,0.228,2.578,1.0,4.155,base+fashionclip+color,data/assets/combos/VC0077.jpg,,
VC0078,kis_orta,kis,men,5.17,1.4192,10,LV1253|SP1035|SP0090,3,0.42,0.9992,0.228,2.578,1.0,4.155,base+fashionclip+color,data/assets/combos/VC0078.jpg,,
VC0079,kis_orta,kis,men,5.17,1.4192,10,LV1253|SP0156|SP1244,3,0.42,0.9992,0.228,2.578,1.0,4.155,base+fashionclip+color,data/assets/combos/VC0079.jpg,,
VC0080,kis_orta,kis,men,5.17,1.4192,10,LV1253|SP1035|SP0536,3,0.42,0.9992,0.228,2.578,1.0,4.155,base+fashionclip+color,data/assets/combos/VC0080.jpg,,
VC0081,sonbahar_serin,sonbahar,women,12,1.05,15,LV2402|LV2516|LV0031|LV0907,4,0.84,0.21,3.671,2.447,1.0,3.894,base+fashionclip+color,data/assets/combos/VC0081.jpg,,
VC0082,sonbahar_serin,sonbahar,women,12,1.05,15,LV1405|LV2516|LV0023|LV0833,4,0.97,0.08,3.626,2.324,1.0,3.647,base+fashionclip+color,data/assets/combos/VC0082.jpg,,
VC0083,sonbahar_serin,sonbahar,women,12,1.05,15,LV1318|LV2516|LV0023,3,0.93,0.12,3.597,2.369,1.0,3.737,base+fashionclip+color,data/assets/combos/VC0083.jpg,,
VC0084,sonbahar_serin,sonbahar,women,12,1.05,15,LV1318|LV0549|LV0023|LV0920,4,0.97,0.08,3.59,2.038,1.0,3.077,base+fashionclip+color,data/assets/combos/VC0084.jpg,,
VC0085,sonbahar_serin,sonbahar,women,12,1.05,15,LV2173|LV2516|LV0021,3,0.8,0.25,3.573,2.423,1.0,3.847,base+fashionclip+color,data/assets/combos/VC0085.jpg,,
VC0086,sonbahar_serin,sonbahar,women,12,1.05,15,LV1960|LV0544|LV0023|LV0905,4,0.74,0.31,3.531,2.117,1.0,3.234,base+fashionclip+color,data/assets/combos/VC0086.jpg,,
VC0087,sonbahar_serin,sonbahar,women,12,1.05,15,LV1514|LV2516|LV0023|LV0846,4,0.8,0.25,3.52,2.32,1.0,3.639,base+fashionclip+color,data/assets/combos/VC0087.jpg,,
VC0088,sonbahar_serin,sonbahar,women,12,1.05,15,LV0466|LV2516|LV0031,3,0.8,0.25,3.478,2.578,1.0,4.155,base+fashionclip+color,data/assets/combos/VC0088.jpg,,
VC0089,sonbahar_serin,sonbahar,women,12,1.05,15,LV2314|LV0544|LV0021|LV0862,4,0.74,0.31,3.458,2.044,1.0,3.088,base+fashionclip+color,data/assets/combos/VC0089.jpg,,
VC0090,sonbahar_serin,sonbahar,women,12,1.05,15,LV2210|LV0549|LV0023,3,0.8,0.25,3.448,2.548,1.0,4.096,base+fashionclip+color,data/assets/combos/VC0090.jpg,,
VC0091,sonbahar_serin,sonbahar,women,12,1.05,15,LV2210|LV2520|LV0023,3,0.8,0.25,3.448,2.548,1.0,4.096,base+fashionclip+color,data/assets/combos/VC0091.jpg,,
VC0092,sonbahar_serin,sonbahar,women,12,1.05,15,LV2210|LV2487|LV0023,3,0.8,0.25,3.448,2.548,1.0,4.096,base+fashionclip+color,data/assets/combos/VC0092.jpg,,
VC0093,sonbahar_serin,sonbahar,women,12,1.05,15,LV1341|LV2516|LV0021|LV0901,4,0.97,0.08,3.417,1.865,1.0,2.73,base+fashionclip+color,data/assets/combos/VC0093.jpg,,
VC0094,sonbahar_serin,sonbahar,women,12,1.05,15,LV1516|LV0549|LV0023|LV0870,4,0.84,0.21,3.407,2.183,1.0,3.366,base+fashionclip+color,data/assets/combos/VC0094.jpg,,
VC0095,sonbahar_serin,sonbahar,women,12,1.05,15,LV0652|LV2516|LV0031|LV0856,4,0.84,0.21,3.401,2.177,1.0,3.355,base+fashionclip+color,data/assets/combos/VC0095.jpg,,
VC0096,sonbahar_serin,sonbahar,women,12,1.05,15,LV2316|LV0307|LV0023|LV0864,4,0.74,0.31,3.395,1.981,1.0,2.962,base+fashionclip+color,data/assets/combos/VC0096.jpg,,
VC0097,sonbahar_serin,sonbahar,women,12,1.05,15,LV1518|LV0307|LV0021|LV0880,4,0.84,0.21,3.358,2.134,1.0,3.268,base+fashionclip+color,data/assets/combos/VC0097.jpg,,
VC0098,sonbahar_serin,sonbahar,women,12,1.05,15,LV1431|LV2520|LV0023|LV1102,4,0.85,0.2,3.296,2.066,1.0,3.132,base+fashionclip+color,data/assets/combos/VC0098.jpg,,
VC0099,sonbahar_serin,sonbahar,women,12,1.05,15,LV1510|LV0544|LV0023,3,0.8,0.25,3.291,2.141,1.0,3.282,base+fashionclip+color,data/assets/combos/VC0099.jpg,,
VC0100,sonbahar_serin,sonbahar,women,12,1.05,15,LV2207|LV0307|LV0021,3,0.7,0.35,3.29,3.0,1.0,5.0,base+fashionclip+color,data/assets/combos/VC0100.jpg,,
VC0101,sonbahar_serin,sonbahar,women,12,1.05,15,LV0770|LV0544|LV0023|LV0894,4,0.84,0.21,3.277,2.053,1.0,3.106,base+fashionclip+color,data/assets/combos/VC0101.jpg,,
VC0102,sonbahar_serin,sonbahar,women,12,1.05,15,LV0654|LV2516|LV0023,3,0.8,0.25,3.269,2.369,1.0,3.737,base+fashionclip+color,data/assets/combos/VC0102.jpg,,
VC0103,sonbahar_serin,sonbahar,women,12,1.05,15,LV2210|LV0544|LV0021|LV0870,4,0.84,0.21,3.268,2.044,1.0,3.088,base+fashionclip+color,data/assets/combos/VC0103.jpg,,
VC0104,sonbahar_serin,sonbahar,women,12,1.05,15,LV2081|LV0307|LV0023|LV0888,4,0.74,0.31,3.235,1.821,1.0,2.642,base+fashionclip+color,data/assets/combos/VC0104.jpg,,
VC0105,sonbahar_serin,sonbahar,women,12,1.05,15,LV2396|LV0549|LV0023|LV0917,4,0.84,0.21,3.226,2.002,1.0,3.004,base+fashionclip+color,data/assets/combos/VC0105.jpg,,
VC0106,sonbahar_serin,sonbahar,men,12,1.05,15,SP0156|SP1084|SP0614|SP1244,4,0.58,0.47,2.085,3.0,1.0,5.0,base+fashionclip+color,data/assets/combos/VC0106.jpg,,
VC0107,sonbahar_serin,sonbahar,men,12,1.05,15,SP0156|SP0404|SP1136|SP0492,4,0.58,0.47,2.085,3.0,1.0,5.0,base+fashionclip+color,data/assets/combos/VC0107.jpg,,
VC0108,sonbahar_serin,sonbahar,men,12,1.05,15,SP1035|SP1068|SP0557|SP0671,4,0.63,0.42,1.833,2.552,1.0,4.104,base+fashionclip+color,data/assets/combos/VC0108.jpg,,
VC0109,sonbahar_serin,sonbahar,men,12,1.05,15,SP0156|SP0835|SP1369|SP1175,4,0.58,0.47,1.803,2.552,1.0,4.104,base+fashionclip+color,data/assets/combos/VC0109.jpg,,
VC0110,sonbahar_serin,sonbahar,men,12,1.05,15,SP0156|SP0835|SP0325|SP0671,4,0.58,0.47,1.803,2.552,1.0,4.104,base+fashionclip+color,data/assets/combos/VC0110.jpg,,
VC0111,sonbahar_serin,sonbahar,men,12,1.05,15,SP1035|SP1343|SP0048|SP0494,4,0.63,0.42,1.727,2.612,1.0,4.224,base+fashionclip+color,data/assets/combos/VC0111.jpg,,
VC0112,sonbahar_serin,sonbahar,men,12,1.05,15,SP1035|SP0500|SP1467|SP1175,4,0.63,0.42,1.7,2.585,1.0,4.17,base+fashionclip+color,data/assets/combos/VC0112.jpg,,
VC0113,sonbahar_serin,sonbahar,men,12,1.05,15,SP0156|SP1359|SP0614|SP0391,4,0.58,0.47,1.67,2.585,1.0,4.17,base+fashionclip+color,data/assets/combos/VC0113.jpg,,
VC0114,sonbahar_serin,sonbahar,men,12,1.05,15,SP1035|SP0766|SP1047|SP0391,4,0.63,0.42,1.622,2.341,1.0,3.683,base+fashionclip+color,data/assets/combos/VC0114.jpg,,
VC0115,sonbahar_serin,sonbahar,men,12,1.05,15,SP1035|SP0501|SP1044|SP1226,4,0.63,0.42,1.622,2.341,1.0,3.683,base+fashionclip+color,data/assets/combos/VC0115.jpg,,
VC0116,sonbahar_serin,sonbahar,men,12,1.05,15,SP1035|SP0469|SP0922|SP1226,4,0.58,0.47,1.606,2.521,1.0,4.042,base+fashionclip+color,data/assets/combos/VC0116.jpg,,
VC0117,sonbahar_serin,sonbahar,men,12,1.05,15,SP1035|SP1323|SP0662|SP1352,4,0.63,0.42,1.574,2.459,1.0,3.917,base+fashionclip+color,data/assets/combos/VC0117.jpg,,
VC0118,sonbahar_serin,sonbahar,men,12,1.05,15,SP1035|SP0501|SP0165|SP1454,4,0.58,0.47,1.567,2.316,1.0,3.632,base+fashionclip+color,data/assets/combos/VC0118.jpg,,
VC0119,sonbahar_serin,sonbahar,men,12,1.05,15,SP0156|SP0976|SP1307|SP1149,4,0.58,0.47,1.544,2.459,1.0,3.917,base+fashionclip+color,data/assets/combos/VC0119.jpg,,
VC0120,sonbahar_serin,sonbahar,men,12,1.05,15,SP0156|SP0280|SP1281|SP0707,4,0.58,0.47,1.537,2.286,1.0,3.572,base+fashionclip+color,data/assets/combos/VC0120.jpg,,
VC0121,sonbahar_yagmurlu,sonbahar,women,9.59,1.1705,20,LV2402|LV2516|LV0031|LV0907,4,0.84,0.3305,3.599,2.447,1.0,3.894,base+fashionclip+color,data/assets/combos/VC0121.jpg,,
VC0122,sonbahar_yagmurlu,sonbahar,women,9.59,1.1705,20,LV1405|LV2516|LV0023|LV0833,4,0.97,0.2005,3.554,2.324,1.0,3.647,base+fashionclip+color,data/assets/combos/VC0122.jpg,,
VC0123,sonbahar_yagmurlu,sonbahar,women,9.59,1.1705,20,LV1318|LV2516|LV0023,3,0.93,0.2405,3.525,2.369,1.0,3.737,base+fashionclip+color,data/assets/combos/VC0123.jpg,,
VC0124,sonbahar_yagmurlu,sonbahar,women,9.59,1.1705,20,LV1318|LV0549|LV0023|LV0920,4,0.97,0.2005,3.518,2.038,1.0,3.077,base+fashionclip+color,data/assets/combos/VC0124.jpg,,
VC0125,sonbahar_yagmurlu,sonbahar,women,9.59,1.1705,20,LV1341|LV2516|LV0021|LV0901,4,0.97,0.2005,3.345,1.865,1.0,2.73,base+fashionclip+color,data/assets/combos/VC0125.jpg,,
VC0126,sonbahar_yagmurlu,sonbahar,women,9.59,1.1705,20,LV1516|LV0549|LV0023|LV0870,4,0.84,0.3305,3.335,2.183,1.0,3.366,base+fashionclip+color,data/assets/combos/VC0126.jpg,,
VC0127,sonbahar_yagmurlu,sonbahar,women,9.59,1.1705,20,LV0652|LV2516|LV0031|LV0856,4,0.84,0.3305,3.329,2.177,1.0,3.355,base+fashionclip+color,data/assets/combos/VC0127.jpg,,
VC0128,sonbahar_yagmurlu,sonbahar,women,9.59,1.1705,20,LV1518|LV0307|LV0021|LV0880,4,0.84,0.3305,3.286,2.134,1.0,3.268,base+fashionclip+color,data/assets/combos/VC0128.jpg,,
VC0129,sonbahar_yagmurlu,sonbahar,women,9.59,1.1705,20,LV1431|LV2520|LV0023|LV1102,4,0.85,0.3205,3.224,2.066,1.0,3.132,base+fashionclip+color,data/assets/combos/VC0129.jpg,,
VC0130,sonbahar_yagmurlu,sonbahar,women,9.59,1.1705,20,LV2207|LV0307|LV0021,3,0.7,0.4705,3.218,3.0,1.0,5.0,base+fashionclip+color,data/assets/combos/VC0130.jpg,,
VC0131,sonbahar_yagmurlu,sonbahar,women,9.59,1.1705,20,LV0770|LV0544|LV0023|LV0894,4,0.84,0.3305,3.205,2.053,1.0,3.106,base+fashionclip+color,data/assets/combos/VC0131.jpg,,
VC0132,sonbahar_yagmurlu,sonbahar,women,9.59,1.1705,20,LV2210|LV0544|LV0021|LV0870,4,0.84,0.3305,3.196,2.044,1.0,3.088,base+fashionclip+color,data/assets/combos/VC0132.jpg,,
VC0133,sonbahar_yagmurlu,sonbahar,women,9.59,1.1705,20,LV2396|LV0549|LV0023|LV0917,4,0.84,0.3305,3.154,2.002,1.0,3.004,base+fashionclip+color,data/assets/combos/VC0133.jpg,,
VC0134,sonbahar_yagmurlu,sonbahar,women,9.59,1.1705,20,LV2396|LV2520|LV0023|LV0895,4,0.84,0.3305,3.154,2.002,1.0,3.004,base+fashionclip+color,data/assets/combos/VC0134.jpg,,
VC0135,sonbahar_yagmurlu,sonbahar,women,9.59,1.1705,20,LV1482|LV0307|LV0023|LV0853,4,0.84,0.3305,3.103,1.951,1.0,2.902,base+fashionclip+color,data/assets/combos/VC0135.jpg,,
VC0136,sonbahar_yagmurlu,sonbahar,women,9.59,1.1705,20,LV0340|LV2516|LV0021|LV0913,4,0.84,0.3305,3.061,1.909,1.0,2.817,base+fashionclip+color,data/assets/combos/VC0136.jpg,,
VC0137,sonbahar_yagmurlu,sonbahar,women,9.59,1.1705,20,LV1431|LV2520|LV0031|LV0907,4,0.84,0.3305,3.04,1.888,1.0,2.775,base+fashionclip+color,data/assets/combos/VC0137.jpg,,
VC0138,sonbahar_yagmurlu,sonbahar,women,9.59,1.1705,20,LV1505|LV0544|LV0023|LV0896,4,0.84,0.3305,3.04,1.638,1.0,2.276,base+fashionclip+color,data/assets/combos/VC0138.jpg,,
VC0139,sonbahar_yagmurlu,sonbahar,women,9.59,1.1705,20,LV1431|LV2520|LV0021|LV0866,4,0.84,0.3305,3.016,1.864,1.0,2.728,base+fashionclip+color,data/assets/combos/VC0139.jpg,,
VC0140,sonbahar_yagmurlu,sonbahar,women,9.59,1.1705,20,LV2228|LV0549|LV0021|LV0852,4,0.84,0.3305,2.973,1.821,1.0,2.642,base+fashionclip+color,data/assets/combos/VC0140.jpg,,
VC0141,sonbahar_yagmurlu,sonbahar,women,9.59,1.1705,20,LV1421|LV0549|LV0023|LV0916,4,0.84,0.3305,2.919,1.767,1.0,2.535,base+fashionclip+color,data/assets/combos/VC0141.jpg,,
VC0142,sonbahar_yagmurlu,sonbahar,women,9.59,1.1705,20,LV2448|LV0307|LV0031|LV0848,4,0.84,0.3305,2.897,1.745,1.0,2.49,base+fashionclip+color,data/assets/combos/VC0142.jpg,,
VC0143,sonbahar_yagmurlu,sonbahar,women,9.59,1.1705,20,LV0632|LV2520|LV0021|LV0917,4,0.84,0.3305,2.897,1.745,1.0,2.489,base+fashionclip+color,data/assets/combos/VC0143.jpg,,
VC0144,sonbahar_yagmurlu,sonbahar,women,9.59,1.1705,20,LV1470|LV2520|LV0031|LV0905,4,0.84,0.3305,2.874,1.722,1.0,2.443,base+fashionclip+color,data/assets/combos/VC0144.jpg,,
VC0145,sonbahar_yagmurlu,sonbahar,women,9.59,1.1705,20,LV1311|LV2520|LV0021,3,0.93,0.2405,2.865,1.959,1.0,2.918,base+fashionclip+color,data/assets/combos/VC0145.jpg,,
VC0146,sonbahar_yagmurlu,sonbahar,men,9.59,1.1705,20,SP1035|SP1068|SP0557|SP0671,4,0.63,0.5405,1.761,2.552,1.0,4.104,base+fashionclip+color,data/assets/combos/VC0146.jpg,,
VC0147,sonbahar_yagmurlu,sonbahar,men,9.59,1.1705,20,SP1035|SP1343|SP0048|SP0494,4,0.63,0.5405,1.655,2.612,1.0,4.224,base+fashionclip+color,data/assets/combos/VC0147.jpg,,
VC0148,sonbahar_yagmurlu,sonbahar,men,9.59,1.1705,20,SP1035|SP0500|SP1467|SP1175,4,0.63,0.5405,1.628,2.585,1.0,4.17,base+fashionclip+color,data/assets/combos/VC0148.jpg,,
VC0149,sonbahar_yagmurlu,sonbahar,men,9.59,1.1705,20,SP1035|SP0766|SP1047|SP0391,4,0.63,0.5405,1.55,2.341,1.0,3.683,base+fashionclip+color,data/assets/combos/VC0149.jpg,,
VC0150,sonbahar_yagmurlu,sonbahar,men,9.59,1.1705,20,SP1035|SP0501|SP1044|SP1226,4,0.63,0.5405,1.55,2.341,1.0,3.683,base+fashionclip+color,data/assets/combos/VC0150.jpg,,
VC0151,sonbahar_yagmurlu,sonbahar,men,9.59,1.1705,20,SP1035|SP1323|SP0662|SP1352,4,0.63,0.5405,1.502,2.459,1.0,3.917,base+fashionclip+color,data/assets/combos/VC0151.jpg,,
VC0152,sonbahar_yagmurlu,sonbahar,men,9.59,1.1705,20,SP1035|SP1132|SP0643|SP1406,4,0.63,0.5405,1.384,2.341,1.0,3.683,base+fashionclip+color,data/assets/combos/VC0152.jpg,,
VC0153,sonbahar_yagmurlu,sonbahar,men,9.59,1.1705,20,SP0156|SP0769|SP1023|SP1226,4,0.63,0.5405,1.384,2.341,1.0,3.683,base+fashionclip+color,data/assets/combos/VC0153.jpg,,
VC0154,sonbahar_yagmurlu,sonbahar,men,9.59,1.1705,20,SP1035|SP0531|SP0849|SP0671,4,0.63,0.5405,1.384,2.341,1.0,3.683,base+fashionclip+color,data/assets/combos/VC0154.jpg,,
VC0155,sonbahar_yagmurlu,sonbahar,men,9.59,1.1705,20,SP0156|SP0446|SP0008|SP0492,4,0.63,0.5405,1.359,2.316,1.0,3.632,base+fashionclip+color,data/assets/combos/VC0155.jpg,,
VC0156,sonbahar_yagmurlu,sonbahar,men,9.59,1.1705,20,SP1035|SP0314|SP0755|SP1226,4,0.63,0.5405,1.359,2.316,1.0,3.632,base+fashionclip+color,data/assets/combos/VC0156.jpg,,
VC0157,sonbahar_yagmurlu,sonbahar,men,9.59,1.1705,20,SP1035|SP1059|SP1088|SP1226,4,0.63,0.5405,1.359,2.316,1.0,3.632,base+fashionclip+color,data/assets/combos/VC0157.jpg,,
VC0158,sonbahar_yagmurlu,sonbahar,men,9.59,1.1705,20,SP1035|SP1448|SP0589|SP0858,4,0.63,0.5405,1.35,2.307,1.0,3.615,base+fashionclip+color,data/assets/combos/VC0158.jpg,,
VC0159,sonbahar_yagmurlu,sonbahar,men,9.59,1.1705,20,SP0156|SP0459|SP1258|SP0863,4,0.63,0.5405,1.335,2.292,1.0,3.585,base+fashionclip+color,data/assets/combos/VC0159.jpg,,
VC0160,sonbahar_yagmurlu,sonbahar,men,9.59,1.1705,20,SP0156|SP0680|SP1134|SP1087,4,0.63,0.5405,1.335,2.292,1.0,3.584,base+fashionclip+color,data/assets/combos/VC0160.jpg,,
VC0161,ilkbahar_ilik,ilkbahar,women,18,0.75,8,LV0694|LV1932|SP0088,3,0.36,0.39,3.016,3.0,1.0,5.0,base+fashionclip+color,data/assets/combos/VC0161.jpg,,
VC0162,ilkbahar_ilik,ilkbahar,women,18,0.75,8,LV0136|LV1161|SP0919,3,0.36,0.39,3.016,3.0,1.0,5.0,base+fashionclip+color,data/assets/combos/VC0162.jpg,,
VC0163,ilkbahar_ilik,ilkbahar,women,18,0.75,8,SP0036|LV2529|SP0899,3,0.36,0.39,3.016,3.0,1.0,5.0,base+fashionclip+color,data/assets/combos/VC0163.jpg,,
VC0164,ilkbahar_ilik,ilkbahar,women,18,0.75,8,LV0166|LV0817|SP1435,3,0.36,0.39,3.016,3.0,1.0,5.0,base+fashionclip+color,data/assets/combos/VC0164.jpg,,
VC0165,ilkbahar_ilik,ilkbahar,women,18,0.75,8,LV0164|LV2421|SP0023,3,0.4,0.35,2.863,2.823,1.0,4.646,base+fashionclip+color,data/assets/combos/VC0165.jpg,,
VC0166,ilkbahar_ilik,ilkbahar,women,18,0.75,8,LV2490|LV2464|SP0919,3,0.36,0.39,2.844,2.578,1.0,4.155,base+fashionclip+color,data/assets/combos/VC0166.jpg,,
VC0167,ilkbahar_ilik,ilkbahar,women,18,0.75,8,SP0335|LV2388|LV0020,3,0.4,0.35,2.696,2.656,1.0,4.313,base+fashionclip+color,data/assets/combos/VC0167.jpg,,
VC0168,ilkbahar_ilik,ilkbahar,women,18,0.75,8,LV0342|SP1141|SP0919,3,0.46,0.29,2.693,2.617,1.0,4.234,base+fashionclip+color,data/assets/combos/VC0168.jpg,,
VC0169,ilkbahar_ilik,ilkbahar,women,18,0.75,8,LV0418|SP0792|SP0088,3,0.5,0.25,2.678,2.578,1.0,4.155,base+fashionclip+color,data/assets/combos/VC0169.jpg,,
VC0170,ilkbahar_ilik,ilkbahar,women,18,0.75,8,LV0248|LV2489|SP0895,3,0.46,0.29,2.663,2.587,1.0,4.174,base+fashionclip+color,data/assets/combos/VC0170.jpg,,
VC0171,ilkbahar_ilik,ilkbahar,women,18,0.75,8,LV0104|SP1498|LV0027,3,0.46,0.29,2.654,2.578,1.0,4.155,base+fashionclip+color,data/assets/combos/VC0171.jpg,,
VC0172,ilkbahar_ilik,ilkbahar,women,18,0.75,8,LV2570|SP0055|SP1021,3,0.46,0.29,2.654,2.578,1.0,4.155,base+fashionclip+color,data/assets/combos/VC0172.jpg,,
VC0173,ilkbahar_ilik,ilkbahar,women,18,0.75,8,LV0511|LV2421|LV0030,3,0.5,0.25,2.639,2.539,1.0,4.077,base+fashionclip+color,data/assets/combos/VC0173.jpg,,
VC0174,ilkbahar_ilik,ilkbahar,women,18,0.75,8,LV2377|LV1287|LV0018,3,0.4,0.35,2.618,2.578,1.0,4.155,base+fashionclip+color,data/assets/combos/VC0174.jpg,,
VC0175,ilkbahar_ilik,ilkbahar,women,18,0.75,8,LV2439|SP0498|LV0030,3,0.46,0.29,2.615,2.539,1.0,4.077,base+fashionclip+color,data/assets/combos/VC0175.jpg,,
VC0176,ilkbahar_ilik,ilkbahar,women,18,0.75,8,LV1322|SP1316|SP0295,3,0.63,0.12,2.608,2.43,1.0,3.861,base+fashionclip+color,data/assets/combos/VC0176.jpg,,
VC0177,ilkbahar_ilik,ilkbahar,women,18,0.75,8,LV0906|LV2451|LV0030,3,0.44,0.31,2.603,2.539,1.0,4.077,base+fashionclip+color,data/assets/combos/VC0177.jpg,,
VC0178,ilkbahar_ilik,ilkbahar,women,18,0.75,8,SP1497|SP0490|SP0023,3,0.46,0.29,2.595,2.519,1.0,4.038,base+fashionclip+color,data/assets/combos/VC0178.jpg,,
VC0179,ilkbahar_ilik,ilkbahar,women,18,0.75,8,LV0386|LV1163|SP0023,3,0.36,0.39,2.594,2.578,1.0,4.155,base+fashionclip+color,data/assets/combos/VC0179.jpg,,
VC0180,ilkbahar_ilik,ilkbahar,women,18,0.75,8,LV0147|LV2421|SP0895,3,0.4,0.35,2.578,2.538,1.0,4.077,base+fashionclip+color,data/assets/combos/VC0180.jpg,,
VC0181,ilkbahar_ilik,ilkbahar,women,18,0.75,8,LV0528|SP1498|LV0020,3,0.56,0.19,2.568,2.432,1.0,3.864,base+fashionclip+color,data/assets/combos/VC0181.jpg,,
VC0182,ilkbahar_ilik,ilkbahar,women,18,0.75,8,SP1200|LV0775|SP0914,3,0.36,0.39,2.564,2.548,1.0,4.096,base+fashionclip+color,data/assets/combos/VC0182.jpg,,
VC0183,ilkbahar_ilik,ilkbahar,women,18,0.75,8,LV0075|LV1224|LV0030,3,0.46,0.29,2.551,2.475,1.0,3.95,base+fashionclip+color,data/assets/combos/VC0183.jpg,,
VC0184,ilkbahar_ilik,ilkbahar,women,18,0.75,8,LV1179|LV1163|SP0790,3,0.36,0.39,2.549,2.283,1.0,3.566,base+fashionclip+color,data/assets/combos/VC0184.jpg,,
VC0185,ilkbahar_ilik,ilkbahar,women,18,0.75,8,LV0354|LV2263|SP0295,3,0.53,0.22,2.548,2.43,1.0,3.861,base+fashionclip+color,data/assets/combos/VC0185.jpg,,
VC0186,ilkbahar_ilik,ilkbahar,men,18,0.75,8,SP1267|SP0589|SP0455,3,0.51,0.24,3.106,3.0,1.0,5.0,base+fashionclip+color,data/assets/combos/VC0186.jpg,,
VC0187,ilkbahar_ilik,ilkbahar,men,18,0.75,8,SP0127|SP0911|SP0670,3,0.46,0.29,3.076,3.0,1.0,5.0,base+fashionclip+color,data/assets/combos/VC0187.jpg,,
VC0188,ilkbahar_ilik,ilkbahar,men,18,0.75,8,SP1304|SP0992|SP0125,3,0.36,0.39,3.016,3.0,1.0,5.0,base+fashionclip+color,data/assets/combos/VC0188.jpg,,
VC0189,ilkbahar_ilik,ilkbahar,men,18,0.75,8,SP0505|SP0120|SP0011,3,0.36,0.39,3.016,3.0,1.0,5.0,base+fashionclip+color,data/assets/combos/VC0189.jpg,,
VC0190,ilkbahar_ilik,ilkbahar,men,18,0.75,8,SP0043|SP1367|SP0704,3,0.36,0.39,2.814,2.548,1.0,4.096,base+fashionclip+color,data/assets/combos/VC0190.jpg,,
VC0191,ilkbahar_ilik,ilkbahar,men,18,0.75,8,SP1446|SP1047|SP0125,3,0.51,0.24,2.782,2.676,1.0,4.352,base+fashionclip+color,data/assets/combos/VC0191.jpg,,
VC0192,ilkbahar_ilik,ilkbahar,men,18,0.75,8,SP1402|SP0213|SP1387,3,0.51,0.24,2.782,2.676,1.0,4.352,base+fashionclip+color,data/assets/combos/VC0192.jpg,,
VC0193,ilkbahar_ilik,ilkbahar,men,18,0.75,8,SP0264|SP1189|SP0646,3,0.51,0.24,2.782,2.676,1.0,4.352,base+fashionclip+color,data/assets/combos/VC0193.jpg,,
VC0194,ilkbahar_ilik,ilkbahar,men,18,0.75,8,SP0929|SP0736|SP0744,3,0.51,0.24,2.782,2.676,1.0,4.352,base+fashionclip+color,data/assets/combos/VC0194.jpg,,
VC0195,ilkbahar_ilik,ilkbahar,men,18,0.75,8,SP0717|SP0787|SP0455,3,0.51,0.24,2.782,2.676,1.0,4.352,base+fashionclip+color,data/assets/combos/VC0195.jpg,,
VC0196,ilkbahar_ilik,ilkbahar,men,18,0.75,8,SP1480|LV1250|SP0166,3,0.51,0.24,2.723,2.617,1.0,4.234,base+fashionclip+color,data/assets/combos/VC0196.jpg,,
VC0197,ilkbahar_ilik,ilkbahar,men,18,0.75,8,SP1271|SP1441|SP0311,3,0.51,0.24,2.684,2.578,1.0,4.155,base+fashionclip+color,data/assets/combos/VC0197.jpg,,
VC0198,ilkbahar_ilik,ilkbahar,men,18,0.75,8,SP1048|SP0614|SP1421,3,0.46,0.29,2.654,2.578,1.0,4.155,base+fashionclip+color,data/assets/combos/VC0198.jpg,,
VC0199,ilkbahar_ilik,ilkbahar,men,18,0.75,8,SP0210|SP1369|SP0986,3,0.46,0.29,2.654,2.578,1.0,4.155,base+fashionclip+color,data/assets/combos/VC0199.jpg,,
VC0200,ilkbahar_ilik,ilkbahar,men,18,0.75,8,SP0073|SP0489|SP0621,3,0.46,0.29,2.654,2.578,1.0,4.155,base+fashionclip+color,data/assets/combos/VC0200.jpg,,
VC0201,ilkbahar_ruzgarli,ilkbahar,women,15,0.9,22,LV2458|LV1245|SP0295,3,0.5,0.4,3.01,3.0,1.0,5.0,base+fashionclip+color,data/assets/combos/VC0201.jpg,,
VC0202,ilkbahar_ruzgarli,ilkbahar,women,15,0.9,22,LV1910|SP0019|LV0027,3,0.46,0.44,2.986,3.0,1.0,5.0,base+fashionclip+color,data/assets/combos/VC0202.jpg,,
VC0203,ilkbahar_ruzgarli,ilkbahar,women,15,0.9,22,LV0104|LV2360|LV0027,3,0.36,0.54,2.926,3.0,1.0,5.0,base+fashionclip+color,data/assets/combos/VC0203.jpg,,
VC0204,ilkbahar_ruzgarli,ilkbahar,women,15,0.9,22,LV2490|LV2464|SP0919,3,0.36,0.54,2.754,2.578,1.0,4.155,base+fashionclip+color,data/assets/combos/VC0204.jpg,,
VC0205,ilkbahar_ruzgarli,ilkbahar,women,15,0.9,22,LV2507|SP0498|SP1320,3,0.46,0.44,2.717,2.731,1.0,4.462,base+fashionclip+color,data/assets/combos/VC0205.jpg,,
VC0206,ilkbahar_ruzgarli,ilkbahar,women,15,0.9,22,LV0418|SP0792|SP0088,3,0.5,0.4,2.588,2.578,1.0,4.155,base+fashionclip+color,data/assets/combos/VC0206.jpg,,
VC0207,ilkbahar_ruzgarli,ilkbahar,women,15,0.9,22,LV2512|LV2522|LV0029,3,0.46,0.44,2.564,2.578,1.0,4.155,base+fashionclip+color,data/assets/combos/VC0207.jpg,,
VC0208,ilkbahar_ruzgarli,ilkbahar,women,15,0.9,22,LV1322|SP1316|SP0295|LV0849,4,0.67,0.23,2.508,2.396,1.0,3.792,base+fashionclip+color,data/assets/combos/VC0208.jpg,,
VC0209,ilkbahar_ruzgarli,ilkbahar,women,15,0.9,22,LV0474|LV2459|LV0041,3,0.36,0.54,2.504,2.578,1.0,4.155,base+fashionclip+color,data/assets/combos/VC0209.jpg,,
VC0210,ilkbahar_ruzgarli,ilkbahar,women,15,0.9,22,LV0114|LV2218|SP0149,3,0.36,0.54,2.504,2.578,1.0,4.155,base+fashionclip+color,data/assets/combos/VC0210.jpg,,
VC0211,ilkbahar_ruzgarli,ilkbahar,women,15,0.9,22,LV0105|SP1301|LV0044|LV0849,4,0.72,0.18,2.483,2.341,1.0,3.683,base+fashionclip+color,data/assets/combos/VC0211.jpg,,
VC0212,ilkbahar_ruzgarli,ilkbahar,women,15,0.9,22,LV0528|SP1498|LV0020,3,0.56,0.34,2.478,2.432,1.0,3.864,base+fashionclip+color,data/assets/combos/VC0212.jpg,,
VC0213,ilkbahar_ruzgarli,ilkbahar,women,15,0.9,22,LV0511|LV0717|LV0004,3,0.46,0.44,2.461,2.475,1.0,3.95,base+fashionclip+color,data/assets/combos/VC0213.jpg,,
VC0214,ilkbahar_ruzgarli,ilkbahar,women,15,0.9,22,LV1179|LV1163|SP0790,3,0.36,0.54,2.459,2.283,1.0,3.566,base+fashionclip+color,data/assets/combos/VC0214.jpg,,
VC0215,ilkbahar_ruzgarli,ilkbahar,women,15,0.9,22,LV0354|LV2263|SP0295,3,0.53,0.37,2.458,2.43,1.0,3.861,base+fashionclip+color,data/assets/combos/VC0215.jpg,,
VC0216,ilkbahar_ruzgarli,ilkbahar,women,15,0.9,22,LV0189|LV1224|SP1320,3,0.46,0.44,2.454,2.468,1.0,3.937,base+fashionclip+color,data/assets/combos/VC0216.jpg,,
VC0217,ilkbahar_ruzgarli,ilkbahar,women,15,0.9,22,SP1497|SP0988|SP0828|LV0891,4,0.55,0.35,2.436,2.396,1.0,3.792,base+fashionclip+color,data/assets/combos/VC0217.jpg,,
VC0218,ilkbahar_ruzgarli,ilkbahar,women,15,0.9,22,LV0122|LV1198|SP0354,3,0.51,0.39,2.428,2.412,1.0,3.824,base+fashionclip+color,data/assets/combos/VC0218.jpg,,
VC0219,ilkbahar_ruzgarli,ilkbahar,women,15,0.9,22,LV2410|SP0456|SP0088,3,0.51,0.39,2.417,2.401,1.0,3.802,base+fashionclip+color,data/assets/combos/VC0219.jpg,,
VC0220,ilkbahar_ruzgarli,ilkbahar,women,15,0.9,22,LV0475|SP0390|SP1447,3,0.63,0.27,2.416,2.328,1.0,3.657,base+fashionclip+color,data/assets/combos/VC0220.jpg,,
VC0221,ilkbahar_ruzgarli,ilkbahar,women,15,0.9,22,LV2447|LV2372|SP0790,3,0.46,0.44,2.416,2.43,1.0,3.861,base+fashionclip+color,data/assets/combos/VC0221.jpg,,
VC0222,ilkbahar_ruzgarli,ilkbahar,women,15,0.9,22,LV2557|LV2020|LV0020,3,0.46,0.44,2.416,2.43,1.0,3.861,base+fashionclip+color,data/assets/combos/VC0222.jpg,,
VC0223,ilkbahar_ruzgarli,ilkbahar,women,15,0.9,22,LV0068|LV2391|LV0018,3,0.36,0.54,2.404,2.478,1.0,3.956,base+fashionclip+color,data/assets/combos/VC0223.jpg,,
VC0224,ilkbahar_ruzgarli,ilkbahar,women,15,0.9,22,LV2398|LV2459|LV0018,3,0.36,0.54,2.404,2.478,1.0,3.956,base+fashionclip+color,data/assets/combos/VC0224.jpg,,
VC0225,ilkbahar_ruzgarli,ilkbahar,women,15,0.9,22,SP0223|LV1192|SP0088,3,0.46,0.44,2.397,2.411,1.0,3.821,base+fashionclip+color,data/assets/combos/VC0225.jpg,,
VC0226,ilkbahar_ruzgarli,ilkbahar,men,15,0.9,22,SP1267|SP0589|SP0455,3,0.51,0.39,3.016,3.0,1.0,5.0,base+fashionclip+color,data/assets/combos/VC0226.jpg,,
VC0227,ilkbahar_ruzgarli,ilkbahar,men,15,0.9,22,SP0127|SP0911|SP0670,3,0.46,0.44,2.986,3.0,1.0,5.0,base+fashionclip+color,data/assets/combos/VC0227.jpg,,
VC0228,ilkbahar_ruzgarli,ilkbahar,men,15,0.9,22,SP1304|SP0992|SP0125,3,0.36,0.54,2.926,3.0,1.0,5.0,base+fashionclip+color,data/assets/combos/VC0228.jpg,,
VC0229,ilkbahar_ruzgarli,ilkbahar,men,15,0.9,22,SP0505|SP0120|SP0011,3,0.36,0.54,2.926,3.0,1.0,5.0,base+fashionclip+color,data/assets/combos/VC0229.jpg,,
VC0230,ilkbahar_ruzgarli,ilkbahar,men,15,0.9,22,SP0043|SP1367|SP0704,3,0.36,0.54,2.724,2.548,1.0,4.096,base+fashionclip+color,data/assets/combos/VC0230.jpg,,
VC0231,ilkbahar_ruzgarli,ilkbahar,men,15,0.9,22,SP1446|SP1047|SP0125,3,0.51,0.39,2.692,2.676,1.0,4.352,base+fashionclip+color,data/assets/combos/VC0231.jpg,,
VC0232,ilkbahar_ruzgarli,ilkbahar,men,15,0.9,22,SP1402|SP0213|SP1387,3,0.51,0.39,2.692,2.676,1.0,4.352,base+fashionclip+color,data/assets/combos/VC0232.jpg,,
VC0233,ilkbahar_ruzgarli,ilkbahar,men,15,0.9,22,SP0264|SP1189|SP0646,3,0.51,0.39,2.692,2.676,1.0,4.352,base+fashionclip+color,data/assets/combos/VC0233.jpg,,
VC0234,ilkbahar_ruzgarli,ilkbahar,men,15,0.9,22,SP0929|SP0736|SP0744,3,0.51,0.39,2.692,2.676,1.0,4.352,base+fashionclip+color,data/assets/combos/VC0234.jpg,,
VC0235,ilkbahar_ruzgarli,ilkbahar,men,15,0.9,22,SP0717|SP0787|SP0455,3,0.51,0.39,2.692,2.676,1.0,4.352,base+fashionclip+color,data/assets/combos/VC0235.jpg,,
VC0236,ilkbahar_ruzgarli,ilkbahar,men,15,0.9,22,SP1480|LV1250|SP0166,3,0.51,0.39,2.633,2.617,1.0,4.234,base+fashionclip+color,data/assets/combos/VC0236.jpg,,
VC0237,ilkbahar_ruzgarli,ilkbahar,men,15,0.9,22,SP1271|SP1441|SP0311,3,0.51,0.39,2.594,2.578,1.0,4.155,base+fashionclip+color,data/assets/combos/VC0237.jpg,,
VC0238,ilkbahar_ruzgarli,ilkbahar,men,15,0.9,22,SP1048|SP0614|SP1421,3,0.46,0.44,2.564,2.578,1.0,4.155,base+fashionclip+color,data/assets/combos/VC0238.jpg,,
VC0239,ilkbahar_ruzgarli,ilkbahar,men,15,0.9,22,SP0210|SP1369|SP0986,3,0.46,0.44,2.564,2.578,1.0,4.155,base+fashionclip+color,data/assets/combos/VC0239.jpg,,
VC0240,ilkbahar_ruzgarli,ilkbahar,men,15,0.9,22,SP0073|SP0489|SP0621,3,0.46,0.44,2.564,2.578,1.0,4.155,base+fashionclip+color,data/assets/combos/VC0240.jpg,,
VC0241,yaz_sicak,yaz,women,33.24,0.296,5,LV1925|LV0811|LV0051,3,0.3,0.004,3.741,2.843,1.0,4.686,base+fashionclip+color,data/assets/combos/VC0241.jpg,,
VC0242,yaz_sicak,yaz,women,33.24,0.296,5,LV0093|LV1145|LV0037,3,0.3,0.004,3.648,3.0,1.0,5.0,base+fashionclip+color,data/assets/combos/VC0242.jpg,,
VC0243,yaz_sicak,yaz,women,33.24,0.296,5,LV2527|LV2133|LV0008,3,0.3,0.004,3.648,3.0,1.0,5.0,base+fashionclip+color,data/assets/combos/VC0243.jpg,,
VC0244,yaz_sicak,yaz,women,33.24,0.296,5,LV2319|LV0702|LV0013,3,0.3,0.004,3.613,2.715,1.0,4.43,base+fashionclip+color,data/assets/combos/VC0244.jpg,,
VC0245,yaz_sicak,yaz,women,33.24,0.296,5,LV0081|SP0262|SP0088,3,0.4,0.104,3.588,3.0,1.0,5.0,base+fashionclip+color,data/assets/combos/VC0245.jpg,,
VC0246,yaz_sicak,yaz,women,33.24,0.296,5,LV0285|SP0927|SP0171,3,0.4,0.104,3.588,3.0,1.0,5.0,base+fashionclip+color,data/assets/combos/VC0246.jpg,,
VC0247,yaz_sicak,yaz,women,33.24,0.296,5,LV2087|LV0708|SP0828,3,0.3,0.004,3.554,2.656,1.0,4.313,base+fashionclip+color,data/assets/combos/VC0247.jpg,,
VC0248,yaz_sicak,yaz,women,33.24,0.296,5,LV0542|LV2459|SP0895,3,0.3,0.004,3.529,2.631,1.0,4.263,base+fashionclip+color,data/assets/combos/VC0248.jpg,,
VC0249,yaz_sicak,yaz,women,33.24,0.296,5,SP0645|LV2049|LV0008,3,0.3,0.004,3.304,2.656,1.0,4.313,base+fashionclip+color,data/assets/combos/VC0249.jpg,,
VC0250,yaz_sicak,yaz,women,33.24,0.296,5,LV0287|LV2343|LV2428,3,0.3,0.004,3.304,2.656,1.0,4.313,base+fashionclip+color,data/assets/combos/VC0250.jpg,,
VC0251,yaz_sicak,yaz,women,33.24,0.296,5,LV1155|LV2133|SP1447,3,0.3,0.004,3.299,2.401,1.0,3.802,base+fashionclip+color,data/assets/combos/VC0251.jpg,,
VC0252,yaz_sicak,yaz,women,33.24,0.296,5,LV0509|SP1316|LV2428,3,0.4,0.104,3.244,2.656,1.0,4.313,base+fashionclip+color,data/assets/combos/VC0252.jpg,,
VC0253,yaz_sicak,yaz,women,33.24,0.296,5,LV0358|LV1161|SP1320,3,0.3,0.004,3.239,2.591,1.0,4.183,base+fashionclip+color,data/assets/combos/VC0253.jpg,,
VC0254,yaz_sicak,yaz,women,33.24,0.296,5,SP1165|LV2049|LV0026,3,0.3,0.004,3.226,2.578,1.0,4.155,base+fashionclip+color,data/assets/combos/VC0254.jpg,,
VC0255,yaz_sicak,yaz,women,33.24,0.296,5,LV2384|LV2391|SP0919,3,0.3,0.004,3.226,2.578,1.0,4.155,base+fashionclip+color,data/assets/combos/VC0255.jpg,,
VC0256,yaz_sicak,yaz,women,33.24,0.296,5,LV0261|LV2529|SP0828,3,0.3,0.004,3.226,2.578,1.0,4.155,base+fashionclip+color,data/assets/combos/VC0256.jpg,,
VC0257,yaz_sicak,yaz,women,33.24,0.296,5,LV0553|LV2100|SP1320,3,0.3,0.004,3.223,2.575,1.0,4.149,base+fashionclip+color,data/assets/combos/VC0257.jpg,,
VC0258,yaz_sicak,yaz,women,33.24,0.296,5,LV2077|LV1178|LV0007,3,0.3,0.004,3.201,2.303,1.0,3.605,base+fashionclip+color,data/assets/combos/VC0258.jpg,,
VC0259,yaz_sicak,yaz,women,33.24,0.296,5,SP0111|LV1283|SP1205,3,0.3,0.004,3.196,2.548,1.0,4.096,base+fashionclip+color,data/assets/combos/VC0259.jpg,,
VC0260,yaz_sicak,yaz,women,33.24,0.296,5,LV2102|LV1168|SP0088,3,0.3,0.004,3.181,2.283,1.0,3.566,base+fashionclip+color,data/assets/combos/VC0260.jpg,,
VC0261,yaz_sicak,yaz,women,33.24,0.296,5,SP1108|LV0042|SP0149,3,0.45,0.154,3.158,3.0,1.0,5.0,base+fashionclip+color,data/assets/combos/VC0261.jpg,,
VC0262,yaz_sicak,yaz,women,33.24,0.296,5,SP1280|SP0817|LV0016,3,0.45,0.154,3.158,3.0,1.0,5.0,base+fashionclip+color,data/assets/combos/VC0262.jpg,,
VC0263,yaz_sicak,yaz,women,33.24,0.296,5,LV2408|SP0780|LV0051,3,0.4,0.104,3.139,2.551,1.0,4.101,base+fashionclip+color,data/assets/combos/VC0263.jpg,,
VC0264,yaz_sicak,yaz,women,33.24,0.296,5,LV2426|LV0702|SP1435,3,0.3,0.004,3.119,2.221,1.0,3.442,base+fashionclip+color,data/assets/combos/VC0264.jpg,,
VC0265,yaz_sicak,yaz,women,33.24,0.296,5,LV0455|LV0720|SP0919,3,0.3,0.004,3.118,2.47,1.0,3.939,base+fashionclip+color,data/assets/combos/VC0265.jpg,,
VC0266,yaz_sicak,yaz,men,33.24,0.296,5,SP0786|SP0953|SP1404,3,0.36,0.064,3.612,3.0,1.0,5.0,base+fashionclip+color,data/assets/combos/VC0266.jpg,,
VC0267,yaz_sicak,yaz,men,33.24,0.296,5,SP0280|SP0317|SP0919,3,0.36,0.064,3.161,2.299,1.0,3.599,base+fashionclip+color,data/assets/combos/VC0267.jpg,,
VC0268,yaz_sicak,yaz,men,33.24,0.296,5,SP0228|SP0120|SP0125,3,0.36,0.064,3.16,2.548,1.0,4.096,base+fashionclip+color,data/assets/combos/VC0268.jpg,,
VC0269,yaz_sicak,yaz,men,33.24,0.296,5,SP0677|SP1043|SP0646,3,0.3,0.004,3.157,2.509,1.0,4.018,base+fashionclip+color,data/assets/combos/VC0269.jpg,,
VC0270,yaz_sicak,yaz,men,33.24,0.296,5,SP0808|SP0948|SP0621,3,0.46,0.164,3.152,3.0,1.0,5.0,base+fashionclip+color,data/assets/combos/VC0270.jpg,,
VC0271,yaz_sicak,yaz,men,33.24,0.296,5,SP1048|SP0206|SP1205,3,0.51,0.214,3.122,3.0,1.0,5.0,base+fashionclip+color,data/assets/combos/VC0271.jpg,,
VC0272,yaz_sicak,yaz,men,33.24,0.296,5,SP0718|SP0948|SP1240,3,0.46,0.164,2.95,2.548,1.0,4.096,base+fashionclip+color,data/assets/combos/VC0272.jpg,,
VC0273,yaz_sicak,yaz,men,33.24,0.296,5,SP0086|SP0564|SP0562,3,0.36,0.064,2.934,2.322,1.0,3.645,base+fashionclip+color,data/assets/combos/VC0273.jpg,,
VC0274,yaz_sicak,yaz,men,33.24,0.296,5,SP1271|SP0953|SP0384,3,0.36,0.064,2.911,2.299,1.0,3.599,base+fashionclip+color,data/assets/combos/VC0274.jpg,,
VC0275,yaz_sicak,yaz,men,33.24,0.296,5,SP0040|SP0574|SP0742,3,0.36,0.064,2.886,2.274,1.0,3.547,base+fashionclip+color,data/assets/combos/VC0275.jpg,,
VC0276,yaz_sicak,yaz,men,33.24,0.296,5,SP0950|SP0574|SP0396,3,0.36,0.064,2.818,2.206,1.0,3.411,base+fashionclip+color,data/assets/combos/VC0276.jpg,,
VC0277,yaz_sicak,yaz,men,33.24,0.296,5,SP0461|SP0953|SP0360,3,0.36,0.064,2.807,2.195,1.0,3.389,base+fashionclip+color,data/assets/combos/VC0277.jpg,,
VC0278,yaz_sicak,yaz,men,33.24,0.296,5,SP0115|SP0212|SP0744,3,0.51,0.214,2.798,2.676,1.0,4.352,base+fashionclip+color,data/assets/combos/VC0278.jpg,,
VC0279,yaz_sicak,yaz,men,33.24,0.296,5,SP1348|SP0643|SP0455,3,0.51,0.214,2.798,2.676,1.0,4.352,base+fashionclip+color,data/assets/combos/VC0279.jpg,,
VC0280,yaz_sicak,yaz,men,33.24,0.296,5,SP0018|SP0564|SP0411,3,0.36,0.064,2.786,2.174,1.0,3.348,base+fashionclip+color,data/assets/combos/VC0280.jpg,,
VC0281,yaz_nemli,yaz,women,37.67,0.25,3,LV1925|LV0811|LV0051,3,0.3,0.05,3.713,2.843,1.0,4.686,base+fashionclip+color,data/assets/combos/VC0281.jpg,,
VC0282,yaz_nemli,yaz,women,37.67,0.25,3,LV0093|LV1145|LV0037,3,0.3,0.05,3.62,3.0,1.0,5.0,base+fashionclip+color,data/assets/combos/VC0282.jpg,,
VC0283,yaz_nemli,yaz,women,37.67,0.25,3,LV2527|LV2133|LV0008,3,0.3,0.05,3.62,3.0,1.0,5.0,base+fashionclip+color,data/assets/combos/VC0283.jpg,,
VC0284,yaz_nemli,yaz,women,37.67,0.25,3,LV2319|LV0702|LV0013,3,0.3,0.05,3.585,2.715,1.0,4.43,base+fashionclip+color,data/assets/combos/VC0284.jpg,,
VC0285,yaz_nemli,yaz,women,37.67,0.25,3,LV0081|SP0262|SP0088,3,0.4,0.15,3.56,3.0,1.0,5.0,base+fashionclip+color,data/assets/combos/VC0285.jpg,,
VC0286,yaz_nemli,yaz,women,37.67,0.25,3,LV0285|SP0927|SP0171,3,0.4,0.15,3.56,3.0,1.0,5.0,base+fashionclip+color,data/assets/combos/VC0286.jpg,,
VC0287,yaz_nemli,yaz,women,37.67,0.25,3,LV2087|LV0708|SP0828,3,0.3,0.05,3.526,2.656,1.0,4.313,base+fashionclip+color,data/assets/combos/VC0287.jpg,,
VC0288,yaz_nemli,yaz,women,37.67,0.25,3,LV0542|LV2459|SP0895,3,0.3,0.05,3.501,2.631,1.0,4.263,base+fashionclip+color,data/assets/combos/VC0288.jpg,,
VC0289,yaz_nemli,yaz,women,37.67,0.25,3,SP0645|LV2049|LV0008,3,0.3,0.05,3.276,2.656,1.0,4.313,base+fashionclip+color,data/assets/combos/VC0289.jpg,,
VC0290,yaz_nemli,yaz,women,37.67,0.25,3,LV0287|LV2343|LV2428,3,0.3,0.05,3.276,2.656,1.0,4.313,base+fashionclip+color,data/assets/combos/VC0290.jpg,,
VC0291,yaz_nemli,yaz,women,37.67,0.25,3,LV1155|LV2133|SP1447,3,0.3,0.05,3.271,2.401,1.0,3.802,base+fashionclip+color,data/assets/combos/VC0291.jpg,,
VC0292,yaz_nemli,yaz,women,37.67,0.25,3,LV0509|SP1316|LV2428,3,0.4,0.15,3.216,2.656,1.0,4.313,base+fashionclip+color,data/assets/combos/VC0292.jpg,,
VC0293,yaz_nemli,yaz,women,37.67,0.25,3,LV0358|LV1161|SP1320,3,0.3,0.05,3.211,2.591,1.0,4.183,base+fashionclip+color,data/assets/combos/VC0293.jpg,,
VC0294,yaz_nemli,yaz,women,37.67,0.25,3,SP1165|LV2049|LV0026,3,0.3,0.05,3.198,2.578,1.0,4.155,base+fashionclip+color,data/assets/combos/VC0294.jpg,,
VC0295,yaz_nemli,yaz,women,37.67,0.25,3,LV2384|LV2391|SP0919,3,0.3,0.05,3.198,2.578,1.0,4.155,base+fashionclip+color,data/assets/combos/VC0295.jpg,,
VC0296,yaz_nemli,yaz,women,37.67,0.25,3,LV0261|LV2529|SP0828,3,0.3,0.05,3.198,2.578,1.0,4.155,base+fashionclip+color,data/assets/combos/VC0296.jpg,,
VC0297,yaz_nemli,yaz,women,37.67,0.25,3,LV0553|LV2100|SP1320,3,0.3,0.05,3.195,2.575,1.0,4.149,base+fashionclip+color,data/assets/combos/VC0297.jpg,,
VC0298,yaz_nemli,yaz,women,37.67,0.25,3,LV2077|LV1178|LV0007,3,0.3,0.05,3.173,2.303,1.0,3.605,base+fashionclip+color,data/assets/combos/VC0298.jpg,,
VC0299,yaz_nemli,yaz,women,37.67,0.25,3,SP0111|LV1283|SP1205,3,0.3,0.05,3.168,2.548,1.0,4.096,base+fashionclip+color,data/assets/combos/VC0299.jpg,,
VC0300,yaz_nemli,yaz,women,37.67,0.25,3,LV2102|LV1168|SP0088,3,0.3,0.05,3.153,2.283,1.0,3.566,base+fashionclip+color,data/assets/combos/VC0300.jpg,,
VC0301,yaz_nemli,yaz,women,37.67,0.25,3,SP1108|LV0042|SP0149,3,0.45,0.2,3.13,3.0,1.0,5.0,base+fashionclip+color,data/assets/combos/VC0301.jpg,,
VC0302,yaz_nemli,yaz,women,37.67,0.25,3,SP1280|SP0817|LV0016,3,0.45,0.2,3.13,3.0,1.0,5.0,base+fashionclip+color,data/assets/combos/VC0302.jpg,,
VC0303,yaz_nemli,yaz,women,37.67,0.25,3,LV2408|SP0780|LV0051,3,0.4,0.15,3.111,2.551,1.0,4.101,base+fashionclip+color,data/assets/combos/VC0303.jpg,,
VC0304,yaz_nemli,yaz,women,37.67,0.25,3,LV2426|LV0702|SP1435,3,0.3,0.05,3.091,2.221,1.0,3.442,base+fashionclip+color,data/assets/combos/VC0304.jpg,,
VC0305,yaz_nemli,yaz,women,37.67,0.25,3,LV0455|LV0720|SP0919,3,0.3,0.05,3.09,2.47,1.0,3.939,base+fashionclip+color,data/assets/combos/VC0305.jpg,,
VC0306,yaz_nemli,yaz,men,37.67,0.25,3,SP0786|SP0953|SP1404,3,0.36,0.11,3.584,3.0,1.0,5.0,base+fashionclip+color,data/assets/combos/VC0306.jpg,,
VC0307,yaz_nemli,yaz,men,37.67,0.25,3,SP0280|SP0317|SP0919,3,0.36,0.11,3.133,2.299,1.0,3.599,base+fashionclip+color,data/assets/combos/VC0307.jpg,,
VC0308,yaz_nemli,yaz,men,37.67,0.25,3,SP0228|SP0120|SP0125,3,0.36,0.11,3.132,2.548,1.0,4.096,base+fashionclip+color,data/assets/combos/VC0308.jpg,,
VC0309,yaz_nemli,yaz,men,37.67,0.25,3,SP0677|SP1043|SP0646,3,0.3,0.05,3.129,2.509,1.0,4.018,base+fashionclip+color,data/assets/combos/VC0309.jpg,,
VC0310,yaz_nemli,yaz,men,37.67,0.25,3,SP0808|SP0948|SP0621,3,0.46,0.21,3.124,3.0,1.0,5.0,base+fashionclip+color,data/assets/combos/VC0310.jpg,,
VC0311,yaz_nemli,yaz,men,37.67,0.25,3,SP1048|SP0206|SP1205,3,0.51,0.26,3.094,3.0,1.0,5.0,base+fashionclip+color,data/assets/combos/VC0311.jpg,,
VC0312,yaz_nemli,yaz,men,37.67,0.25,3,SP0718|SP0948|SP1240,3,0.46,0.21,2.922,2.548,1.0,4.096,base+fashionclip+color,data/assets/combos/VC0312.jpg,,
VC0313,yaz_nemli,yaz,men,37.67,0.25,3,SP0086|SP0564|SP0562,3,0.36,0.11,2.906,2.322,1.0,3.645,base+fashionclip+color,data/assets/combos/VC0313.jpg,,
VC0314,yaz_nemli,yaz,men,37.67,0.25,3,SP1271|SP0953|SP0384,3,0.36,0.11,2.883,2.299,1.0,3.599,base+fashionclip+color,data/assets/combos/VC0314.jpg,,
VC0315,yaz_nemli,yaz,men,37.67,0.25,3,SP0040|SP0574|SP0742,3,0.36,0.11,2.858,2.274,1.0,3.547,base+fashionclip+color,data/assets/combos/VC0315.jpg,,
VC0316,yaz_nemli,yaz,men,37.67,0.25,3,SP0950|SP0574|SP0396,3,0.36,0.11,2.79,2.206,1.0,3.411,base+fashionclip+color,data/assets/combos/VC0316.jpg,,
VC0317,yaz_nemli,yaz,men,37.67,0.25,3,SP0461|SP0953|SP0360,3,0.36,0.11,2.779,2.195,1.0,3.389,base+fashionclip+color,data/assets/combos/VC0317.jpg,,
VC0318,yaz_nemli,yaz,men,37.67,0.25,3,SP0115|SP0212|SP0744,3,0.51,0.26,2.77,2.676,1.0,4.352,base+fashionclip+color,data/assets/combos/VC0318.jpg,,
VC0319,yaz_nemli,yaz,men,37.67,0.25,3,SP1348|SP0643|SP0455,3,0.51,0.26,2.77,2.676,1.0,4.352,base+fashionclip+color,data/assets/combos/VC0319.jpg,,
VC0320,yaz_nemli,yaz,men,37.67,0.25,3,SP0018|SP0564|SP0411,3,0.36,0.11,2.758,2.174,1.0,3.348,base+fashionclip+color,data/assets/combos/VC0320.jpg,,
